Card,Price,Tier,Replaces,Reason
Sword of Feast and Famine,25,Core,,Protection + untap all lands = double-spell turns; a Voltron staple.
Sword of Fire and Ice,18,Core,,Protection from two colors + 2 damage and a card on connect.
Buster Sword,8,Core,Staff of the Storyteller,"Cloud's own blade: +3/+2, draw on hit, and cast a spell free when it connects."
Sigarda's Aid,5,Core,,Flash in equipment and attach it for free — huge tempo for Cloud.
"Sram, Senior Edificer",3,Core,Tome of Legends,Draws a card on every Equipment cast — the deck's best card-advantage engine.
Open the Armory,3,Value,,Cheap tutor to find Colossus Hammer or the right sword.
"Ardenn, Intrepid Archaeologist",3,Value,,Reassign / mass-attach equipment for free each combat.
"Cloud, Midgar Mercenary",,Core,Rip Apart,"68% of Cloud, Ex-SOLDIER's decks run this."
Forge Anew,,Value,Professor Hojo,"57% of Cloud, Ex-SOLDIER's decks run this."
