Name,Pieces,Result,ColorIdentity,Early,Category,Notes
Thassa's Oracle + Demonic Consultation,Thassa's Oracle;Demonic Consultation,Win the game,UB,yes,win,Consultation exiles your entire library (name a card you don't run); Thassa's Oracle then sees zero cards left and wins as it resolves. ~3 mana at instant speed — the textbook early two-card win.
Thassa's Oracle + Tainted Pact,Thassa's Oracle;Tainted Pact,Win the game,UB,yes,win,"Pact exiles your singleton library down to nothing, then Thassa's Oracle wins on an empty library. Same shell as the Consultation line."
Laboratory Maniac + Demonic Consultation,Laboratory Maniac;Demonic Consultation,Win the game,UB,yes,win,"Consultation empties your library; with Lab Maniac out, your next draw wins instead of decking you. Slightly worse than Thassa's Oracle (needs a draw step and Lab Maniac can be killed in response)."
"Jace, Wielder of Mysteries + Demonic Consultation","Jace, Wielder of Mysteries;Demonic Consultation",Win the game,UB,no,win,Empty your library with Consultation; Jace's static makes drawing from an empty library a win instead of a loss. Jace at five mana makes this slower than the Oracle version.
Exquisite Blood + Sanguine Bond,Exquisite Blood;Sanguine Bond,Drain the whole table to 0,B,no,win,"Sanguine Bond turns your lifegain into opponent life loss; Exquisite Blood turns opponent life loss into your lifegain. One life-swing event starts an unbounded loop that kills the table. Vito, Thorn of the Dusk Rose substitutes for Sanguine Bond."
"Exquisite Blood + Vito, Thorn of the Dusk Rose","Exquisite Blood;Vito, Thorn of the Dusk Rose",Drain the whole table to 0,B,no,win,"Vito is a functional Sanguine Bond (your lifegain drains each opponent); with Exquisite Blood the pair loops off any single life-gain event. Relevant to the Y'shtola deck, which already runs Vito."
"Kiki-Jiki, Mirror Breaker + Zealous Conscripts","Kiki-Jiki, Mirror Breaker;Zealous Conscripts",Infinite hasty tokens -> alpha strike,R,no,infinite-tokens,"Kiki makes a hasty token copy of Conscripts; the copy untaps Kiki; repeat for unlimited hasty attackers. About ten mana across two cards, so not an early combo, but a deterministic kill."
"Kiki-Jiki, Mirror Breaker + Pestermite","Kiki-Jiki, Mirror Breaker;Pestermite",Infinite 2/1 flying hasters,UR,no,infinite-tokens,Pestermite's ETB untaps Kiki; Kiki copies Pestermite; loop for infinite flyers. Deceiver Exarch is an identical second copy of this piece.
"Kiki-Jiki, Mirror Breaker + Deceiver Exarch","Kiki-Jiki, Mirror Breaker;Deceiver Exarch",Infinite hasty tokens,UR,no,infinite-tokens,Deceiver Exarch untaps Kiki on ETB; Kiki copies it and loops. Same package as the Pestermite line.
"Kiki-Jiki, Mirror Breaker + Restoration Angel","Kiki-Jiki, Mirror Breaker;Restoration Angel",Infinite 3/4 flying hasters,RW,no,infinite-tokens,"Kiki copies Restoration Angel; the token blinks Kiki, which returns untapped to copy again. Note the copy must target Kiki, not itself."
Splinter Twin + Deceiver Exarch,Splinter Twin;Deceiver Exarch,Infinite hasty tokens,UR,no,infinite-tokens,Twin enchants Exarch so tapping it makes a hasty copy; the copy untaps Exarch; loop. Pestermite subs for Exarch; Kiki-Jiki subs for Twin.
Splinter Twin + Pestermite,Splinter Twin;Pestermite,Infinite 2/1 flying hasters,UR,no,infinite-tokens,Twin on an untapper (Pestermite) makes unlimited hasty copies each ping the untap loop.
Devoted Druid + Vizier of Remedies,Devoted Druid;Vizier of Remedies,Infinite green mana,GW,yes,infinite-mana,"Druid untaps by putting a -1/-1 counter on itself; Vizier prevents that counter, so it untaps for free -> infinite green mana. A cheap early two-card engine; lethal with an outlet (e.g. Walking Ballista)."
"Mikaeus, the Unhallowed + Walking Ballista","Mikaeus, the Unhallowed;Walking Ballista",Infinite damage,B,no,infinite-damage,Ballista (a non-Human) gets undying from Mikaeus. Remove counters to ping; when it dies at zero counters undying returns it with an extra +1/+1 counter; repeat for infinite damage.
"Mikaeus, the Unhallowed + Triskelion","Mikaeus, the Unhallowed;Triskelion",Infinite damage,B,no,infinite-damage,"Triskelion pings three times, dies, and undying returns it with a fresh +1/+1 counter -> remove and repeat for infinite damage and lifeswing."
"Heliod, Sun-Crowned + Walking Ballista","Heliod, Sun-Crowned;Walking Ballista",Infinite damage,W,no,infinite-damage,"Give Ballista lifelink with Heliod. Remove a counter to ping for one (gain one life); Heliod's lifegain trigger puts the +1/+1 counter back -> net-zero counters, infinite pings."
Isochron Scepter + Dramatic Reversal,Isochron Scepter;Dramatic Reversal,Infinite mana + untaps,U,yes,infinite-mana,"Imprint Dramatic Reversal on the Scepter; if your nonland permanents tap for three or more mana, each activation untaps them at a profit -> infinite mana and infinite untaps. Needs mana rocks or dorks already on board; win with an outlet."
Basalt Monolith + Rings of Brighthearth,Basalt Monolith;Rings of Brighthearth,Infinite colorless mana,,no,infinite-mana,"Rings copies Basalt Monolith's {3} untap ability for {2}; each cycle nets +1 colorless -> infinite colorless mana. Fully colorless, so it slots into any color identity."
Basalt Monolith + Power Artifact,Basalt Monolith;Power Artifact,Infinite colorless mana,U,no,infinite-mana,"Power Artifact makes Monolith's untap cost {1}; untap for {1}, tap for {3}, repeat -> infinite colorless mana."
"Godo, Bandit Warlord + Helm of the Host","Godo, Bandit Warlord;Helm of the Host",Infinite combat steps -> lethal,R,no,infinite-combat,"Helm makes a token copy of Godo at each combat; Godo's ETB fetches/attaches Helm and grants an extra combat -> unlimited attacks. Roughly ten-plus mana, a slow but deterministic kill."
Food Chain + Eternal Scourge,Food Chain;Eternal Scourge,Infinite creature-spell mana,G,no,infinite-mana,"Exile Scourge to Food Chain for creature-only mana; Scourge returns to hand, recast it, exile again -> infinite colored mana usable on creatures. Misthollow Griffin is an identical second copy of this piece."
Underworld Breach + Brain Freeze + Lion's Eye Diamond,Underworld Breach;Brain Freeze;Lion's Eye Diamond,Mill the table out,UR,no,win,"A three-card storm loop: crack Lion's Eye Diamond for mana, flash back Brain Freeze via Breach by escaping the milled cards, and storm the table's libraries away. A cEDH staple; listed so the detector flags all three together."
Bartolomé del Presidio + Sun Titan + Angelic Renewal,Bartolomé del Presidio;Sun Titan;Angelic Renewal,Infinite death triggers -> drain the whole table to 0,WB,no,infinite-damage,"Free sac outlet + loop. Sacrifice Sun Titan to Bartolomé; Angelic Renewal returns it (sacrifices itself to return the creature); Sun Titan's enter trigger returns Angelic Renewal (mv 2) from the graveyard, attached again. Zero mana per iteration, so it repeats forever: infinite deaths, infinite enter triggers, and a +1/+1 counter on Bartolomé each time. Add any drain (Zulaport Cutthroat, Bastion of Remembrance, Marionette Apprentice, Agent of the Iron Throne, Ninja Teen level 1) to kill the table, or Scavenger's Talent level 2 to mill it out. Dimir House Guard substitutes for Bartolomé as the free outlet."
Bartolomé del Presidio + Sun Titan + Fungal Fortitude,Bartolomé del Presidio;Sun Titan;Fungal Fortitude,Infinite death triggers -> drain the whole table to 0,WB,no,infinite-damage,"Free sac outlet + loop. Sacrifice Sun Titan to Bartolomé; Fungal Fortitude returns it (returns the creature tapped — irrelevant, you only need to sacrifice it); Sun Titan's enter trigger returns Fungal Fortitude (mv 2) from the graveyard, attached again. Zero mana per iteration, so it repeats forever: infinite deaths, infinite enter triggers, and a +1/+1 counter on Bartolomé each time. Add any drain (Zulaport Cutthroat, Bastion of Remembrance, Marionette Apprentice, Agent of the Iron Throne, Ninja Teen level 1) to kill the table, or Scavenger's Talent level 2 to mill it out. Dimir House Guard substitutes for Bartolomé as the free outlet."
Bartolomé del Presidio + Sun Titan + Minion's Return,Bartolomé del Presidio;Sun Titan;Minion's Return,Infinite death triggers -> drain the whole table to 0,WB,no,infinite-damage,"Free sac outlet + loop. Sacrifice Sun Titan to Bartolomé; Minion's Return returns it (returns the creature under your control); Sun Titan's enter trigger returns Minion's Return (mv 3) from the graveyard, attached again. Zero mana per iteration, so it repeats forever: infinite deaths, infinite enter triggers, and a +1/+1 counter on Bartolomé each time. Add any drain (Zulaport Cutthroat, Bastion of Remembrance, Marionette Apprentice, Agent of the Iron Throne, Ninja Teen level 1) to kill the table, or Scavenger's Talent level 2 to mill it out. Dimir House Guard substitutes for Bartolomé as the free outlet."
Bartolomé del Presidio + Sun Titan + Changing Loyalty,Bartolomé del Presidio;Sun Titan;Changing Loyalty,Infinite death triggers -> drain the whole table to 0,WB,no,infinite-damage,"Free sac outlet + loop. Sacrifice Sun Titan to Bartolomé; Changing Loyalty returns it (returns the creature under your control); Sun Titan's enter trigger returns Changing Loyalty (mv 2) from the graveyard, attached again. Zero mana per iteration, so it repeats forever: infinite deaths, infinite enter triggers, and a +1/+1 counter on Bartolomé each time. Add any drain (Zulaport Cutthroat, Bastion of Remembrance, Marionette Apprentice, Agent of the Iron Throne, Ninja Teen level 1) to kill the table, or Scavenger's Talent level 2 to mill it out. Dimir House Guard substitutes for Bartolomé as the free outlet."
Bartolomé del Presidio + Sun Titan + Kaya's Ghostform,Bartolomé del Presidio;Sun Titan;Kaya's Ghostform,Infinite death triggers -> drain the whole table to 0,WB,no,infinite-damage,"Free sac outlet + loop. Sacrifice Sun Titan to Bartolomé; Kaya's Ghostform returns it (cheapest half of the engine at one mana); Sun Titan's enter trigger returns Kaya's Ghostform (mv 1) from the graveyard, attached again. Zero mana per iteration, so it repeats forever: infinite deaths, infinite enter triggers, and a +1/+1 counter on Bartolomé each time. Add any drain (Zulaport Cutthroat, Bastion of Remembrance, Marionette Apprentice, Agent of the Iron Throne, Ninja Teen level 1) to kill the table, or Scavenger's Talent level 2 to mill it out. Dimir House Guard substitutes for Bartolomé as the free outlet."
Bartolomé del Presidio + Sun Titan + Necrogen Communion,Bartolomé del Presidio;Sun Titan;Necrogen Communion,Infinite death triggers -> drain the whole table to 0,WB,no,infinite-damage,"Free sac outlet + loop. Sacrifice Sun Titan to Bartolomé; Necrogen Communion returns it (also gives the loop toxic 2, an alternate poison clock); Sun Titan's enter trigger returns Necrogen Communion (mv 2) from the graveyard, attached again. Zero mana per iteration, so it repeats forever: infinite deaths, infinite enter triggers, and a +1/+1 counter on Bartolomé each time. Add any drain (Zulaport Cutthroat, Bastion of Remembrance, Marionette Apprentice, Agent of the Iron Throne, Ninja Teen level 1) to kill the table, or Scavenger's Talent level 2 to mill it out. Dimir House Guard substitutes for Bartolomé as the free outlet."
Bartolomé del Presidio + Sun Titan + Gift of Immortality,Bartolomé del Presidio;Sun Titan;Gift of Immortality,Infinite death triggers -> drain the whole table to 0,WB,no,infinite-damage,"Free sac outlet + loop. Sacrifice Sun Titan to Bartolomé; Gift of Immortality returns it (the creature returns IMMEDIATELY; only the Aura waits for the end step, and the returner brings it back at once — that is what makes this infinite rather than once per turn); Sun Titan's enter trigger returns Gift of Immortality (mv 3) from the graveyard, attached again. Zero mana per iteration, so it repeats forever: infinite deaths, infinite enter triggers, and a +1/+1 counter on Bartolomé each time. Add any drain (Zulaport Cutthroat, Bastion of Remembrance, Marionette Apprentice, Agent of the Iron Throne, Ninja Teen level 1) to kill the table, or Scavenger's Talent level 2 to mill it out. Dimir House Guard substitutes for Bartolomé as the free outlet."
Bartolomé del Presidio + Angel of Indemnity + Angelic Renewal,Bartolomé del Presidio;Angel of Indemnity;Angelic Renewal,Infinite death triggers -> drain the whole table to 0,WB,no,infinite-damage,"Free sac outlet + loop. Sacrifice Angel of Indemnity to Bartolomé; Angelic Renewal returns it (sacrifices itself to return the creature); Angel of Indemnity's enter trigger returns Angelic Renewal (mv 2) from the graveyard, attached again. Zero mana per iteration, so it repeats forever: infinite deaths, infinite enter triggers, and a +1/+1 counter on Bartolomé each time. Add any drain (Zulaport Cutthroat, Bastion of Remembrance, Marionette Apprentice, Agent of the Iron Throne, Ninja Teen level 1) to kill the table, or Scavenger's Talent level 2 to mill it out. Dimir House Guard substitutes for Bartolomé as the free outlet."
Bartolomé del Presidio + Angel of Indemnity + Fungal Fortitude,Bartolomé del Presidio;Angel of Indemnity;Fungal Fortitude,Infinite death triggers -> drain the whole table to 0,WB,no,infinite-damage,"Free sac outlet + loop. Sacrifice Angel of Indemnity to Bartolomé; Fungal Fortitude returns it (returns the creature tapped — irrelevant, you only need to sacrifice it); Angel of Indemnity's enter trigger returns Fungal Fortitude (mv 2) from the graveyard, attached again. Zero mana per iteration, so it repeats forever: infinite deaths, infinite enter triggers, and a +1/+1 counter on Bartolomé each time. Add any drain (Zulaport Cutthroat, Bastion of Remembrance, Marionette Apprentice, Agent of the Iron Throne, Ninja Teen level 1) to kill the table, or Scavenger's Talent level 2 to mill it out. Dimir House Guard substitutes for Bartolomé as the free outlet."
Bartolomé del Presidio + Angel of Indemnity + Minion's Return,Bartolomé del Presidio;Angel of Indemnity;Minion's Return,Infinite death triggers -> drain the whole table to 0,WB,no,infinite-damage,"Free sac outlet + loop. Sacrifice Angel of Indemnity to Bartolomé; Minion's Return returns it (returns the creature under your control); Angel of Indemnity's enter trigger returns Minion's Return (mv 3) from the graveyard, attached again. Zero mana per iteration, so it repeats forever: infinite deaths, infinite enter triggers, and a +1/+1 counter on Bartolomé each time. Add any drain (Zulaport Cutthroat, Bastion of Remembrance, Marionette Apprentice, Agent of the Iron Throne, Ninja Teen level 1) to kill the table, or Scavenger's Talent level 2 to mill it out. Dimir House Guard substitutes for Bartolomé as the free outlet."
Bartolomé del Presidio + Angel of Indemnity + Changing Loyalty,Bartolomé del Presidio;Angel of Indemnity;Changing Loyalty,Infinite death triggers -> drain the whole table to 0,WB,no,infinite-damage,"Free sac outlet + loop. Sacrifice Angel of Indemnity to Bartolomé; Changing Loyalty returns it (returns the creature under your control); Angel of Indemnity's enter trigger returns Changing Loyalty (mv 2) from the graveyard, attached again. Zero mana per iteration, so it repeats forever: infinite deaths, infinite enter triggers, and a +1/+1 counter on Bartolomé each time. Add any drain (Zulaport Cutthroat, Bastion of Remembrance, Marionette Apprentice, Agent of the Iron Throne, Ninja Teen level 1) to kill the table, or Scavenger's Talent level 2 to mill it out. Dimir House Guard substitutes for Bartolomé as the free outlet."
Bartolomé del Presidio + Angel of Indemnity + Kaya's Ghostform,Bartolomé del Presidio;Angel of Indemnity;Kaya's Ghostform,Infinite death triggers -> drain the whole table to 0,WB,no,infinite-damage,"Free sac outlet + loop. Sacrifice Angel of Indemnity to Bartolomé; Kaya's Ghostform returns it (cheapest half of the engine at one mana); Angel of Indemnity's enter trigger returns Kaya's Ghostform (mv 1) from the graveyard, attached again. Zero mana per iteration, so it repeats forever: infinite deaths, infinite enter triggers, and a +1/+1 counter on Bartolomé each time. Add any drain (Zulaport Cutthroat, Bastion of Remembrance, Marionette Apprentice, Agent of the Iron Throne, Ninja Teen level 1) to kill the table, or Scavenger's Talent level 2 to mill it out. Dimir House Guard substitutes for Bartolomé as the free outlet."
Bartolomé del Presidio + Angel of Indemnity + Necrogen Communion,Bartolomé del Presidio;Angel of Indemnity;Necrogen Communion,Infinite death triggers -> drain the whole table to 0,WB,no,infinite-damage,"Free sac outlet + loop. Sacrifice Angel of Indemnity to Bartolomé; Necrogen Communion returns it (also gives the loop toxic 2, an alternate poison clock); Angel of Indemnity's enter trigger returns Necrogen Communion (mv 2) from the graveyard, attached again. Zero mana per iteration, so it repeats forever: infinite deaths, infinite enter triggers, and a +1/+1 counter on Bartolomé each time. Add any drain (Zulaport Cutthroat, Bastion of Remembrance, Marionette Apprentice, Agent of the Iron Throne, Ninja Teen level 1) to kill the table, or Scavenger's Talent level 2 to mill it out. Dimir House Guard substitutes for Bartolomé as the free outlet."
Bartolomé del Presidio + Angel of Indemnity + Gift of Immortality,Bartolomé del Presidio;Angel of Indemnity;Gift of Immortality,Infinite death triggers -> drain the whole table to 0,WB,no,infinite-damage,"Free sac outlet + loop. Sacrifice Angel of Indemnity to Bartolomé; Gift of Immortality returns it (the creature returns IMMEDIATELY; only the Aura waits for the end step, and the returner brings it back at once — that is what makes this infinite rather than once per turn); Angel of Indemnity's enter trigger returns Gift of Immortality (mv 3) from the graveyard, attached again. Zero mana per iteration, so it repeats forever: infinite deaths, infinite enter triggers, and a +1/+1 counter on Bartolomé each time. Add any drain (Zulaport Cutthroat, Bastion of Remembrance, Marionette Apprentice, Agent of the Iron Throne, Ninja Teen level 1) to kill the table, or Scavenger's Talent level 2 to mill it out. Dimir House Guard substitutes for Bartolomé as the free outlet."
Bartolomé del Presidio + Shepherd of the Cosmos + Angelic Renewal,Bartolomé del Presidio;Shepherd of the Cosmos;Angelic Renewal,Infinite death triggers -> drain the whole table to 0,WB,no,infinite-damage,"Free sac outlet + loop. Sacrifice Shepherd of the Cosmos to Bartolomé; Angelic Renewal returns it (sacrifices itself to return the creature); Shepherd of the Cosmos's enter trigger returns Angelic Renewal (mv 2) from the graveyard, attached again. Zero mana per iteration, so it repeats forever: infinite deaths, infinite enter triggers, and a +1/+1 counter on Bartolomé each time. Add any drain (Zulaport Cutthroat, Bastion of Remembrance, Marionette Apprentice, Agent of the Iron Throne, Ninja Teen level 1) to kill the table, or Scavenger's Talent level 2 to mill it out. Dimir House Guard substitutes for Bartolomé as the free outlet."
Bartolomé del Presidio + Shepherd of the Cosmos + Fungal Fortitude,Bartolomé del Presidio;Shepherd of the Cosmos;Fungal Fortitude,Infinite death triggers -> drain the whole table to 0,WB,no,infinite-damage,"Free sac outlet + loop. Sacrifice Shepherd of the Cosmos to Bartolomé; Fungal Fortitude returns it (returns the creature tapped — irrelevant, you only need to sacrifice it); Shepherd of the Cosmos's enter trigger returns Fungal Fortitude (mv 2) from the graveyard, attached again. Zero mana per iteration, so it repeats forever: infinite deaths, infinite enter triggers, and a +1/+1 counter on Bartolomé each time. Add any drain (Zulaport Cutthroat, Bastion of Remembrance, Marionette Apprentice, Agent of the Iron Throne, Ninja Teen level 1) to kill the table, or Scavenger's Talent level 2 to mill it out. Dimir House Guard substitutes for Bartolomé as the free outlet."
Bartolomé del Presidio + Shepherd of the Cosmos + Changing Loyalty,Bartolomé del Presidio;Shepherd of the Cosmos;Changing Loyalty,Infinite death triggers -> drain the whole table to 0,WB,no,infinite-damage,"Free sac outlet + loop. Sacrifice Shepherd of the Cosmos to Bartolomé; Changing Loyalty returns it (returns the creature under your control); Shepherd of the Cosmos's enter trigger returns Changing Loyalty (mv 2) from the graveyard, attached again. Zero mana per iteration, so it repeats forever: infinite deaths, infinite enter triggers, and a +1/+1 counter on Bartolomé each time. Add any drain (Zulaport Cutthroat, Bastion of Remembrance, Marionette Apprentice, Agent of the Iron Throne, Ninja Teen level 1) to kill the table, or Scavenger's Talent level 2 to mill it out. Dimir House Guard substitutes for Bartolomé as the free outlet."
Bartolomé del Presidio + Shepherd of the Cosmos + Kaya's Ghostform,Bartolomé del Presidio;Shepherd of the Cosmos;Kaya's Ghostform,Infinite death triggers -> drain the whole table to 0,WB,no,infinite-damage,"Free sac outlet + loop. Sacrifice Shepherd of the Cosmos to Bartolomé; Kaya's Ghostform returns it (cheapest half of the engine at one mana); Shepherd of the Cosmos's enter trigger returns Kaya's Ghostform (mv 1) from the graveyard, attached again. Zero mana per iteration, so it repeats forever: infinite deaths, infinite enter triggers, and a +1/+1 counter on Bartolomé each time. Add any drain (Zulaport Cutthroat, Bastion of Remembrance, Marionette Apprentice, Agent of the Iron Throne, Ninja Teen level 1) to kill the table, or Scavenger's Talent level 2 to mill it out. Dimir House Guard substitutes for Bartolomé as the free outlet."
Bartolomé del Presidio + Shepherd of the Cosmos + Necrogen Communion,Bartolomé del Presidio;Shepherd of the Cosmos;Necrogen Communion,Infinite death triggers -> drain the whole table to 0,WB,no,infinite-damage,"Free sac outlet + loop. Sacrifice Shepherd of the Cosmos to Bartolomé; Necrogen Communion returns it (also gives the loop toxic 2, an alternate poison clock); Shepherd of the Cosmos's enter trigger returns Necrogen Communion (mv 2) from the graveyard, attached again. Zero mana per iteration, so it repeats forever: infinite deaths, infinite enter triggers, and a +1/+1 counter on Bartolomé each time. Add any drain (Zulaport Cutthroat, Bastion of Remembrance, Marionette Apprentice, Agent of the Iron Throne, Ninja Teen level 1) to kill the table, or Scavenger's Talent level 2 to mill it out. Dimir House Guard substitutes for Bartolomé as the free outlet."
Bartolomé del Presidio + Redemption Choir + Angelic Renewal,Bartolomé del Presidio;Redemption Choir;Angelic Renewal,Infinite death triggers -> drain the whole table to 0,WB,yes,infinite-damage,"Free sac outlet + loop. Sacrifice Redemption Choir to Bartolomé; Angelic Renewal returns it (sacrifices itself to return the creature); Redemption Choir's enter trigger returns Angelic Renewal (mv 2) from the graveyard, attached again. Zero mana per iteration, so it repeats forever: infinite deaths, infinite enter triggers, and a +1/+1 counter on Bartolomé each time. Add any drain (Zulaport Cutthroat, Bastion of Remembrance, Marionette Apprentice, Agent of the Iron Throne, Ninja Teen level 1) to kill the table, or Scavenger's Talent level 2 to mill it out. Dimir House Guard substitutes for Bartolomé as the free outlet. Coven — you must control three creatures with different powers as it re-enters; Bartolomé's counters make that easy after the first iteration, but it is a real gate on the first."
Bartolomé del Presidio + Redemption Choir + Fungal Fortitude,Bartolomé del Presidio;Redemption Choir;Fungal Fortitude,Infinite death triggers -> drain the whole table to 0,WB,yes,infinite-damage,"Free sac outlet + loop. Sacrifice Redemption Choir to Bartolomé; Fungal Fortitude returns it (returns the creature tapped — irrelevant, you only need to sacrifice it); Redemption Choir's enter trigger returns Fungal Fortitude (mv 2) from the graveyard, attached again. Zero mana per iteration, so it repeats forever: infinite deaths, infinite enter triggers, and a +1/+1 counter on Bartolomé each time. Add any drain (Zulaport Cutthroat, Bastion of Remembrance, Marionette Apprentice, Agent of the Iron Throne, Ninja Teen level 1) to kill the table, or Scavenger's Talent level 2 to mill it out. Dimir House Guard substitutes for Bartolomé as the free outlet. Coven — you must control three creatures with different powers as it re-enters; Bartolomé's counters make that easy after the first iteration, but it is a real gate on the first."
Bartolomé del Presidio + Redemption Choir + Minion's Return,Bartolomé del Presidio;Redemption Choir;Minion's Return,Infinite death triggers -> drain the whole table to 0,WB,no,infinite-damage,"Free sac outlet + loop. Sacrifice Redemption Choir to Bartolomé; Minion's Return returns it (returns the creature under your control); Redemption Choir's enter trigger returns Minion's Return (mv 3) from the graveyard, attached again. Zero mana per iteration, so it repeats forever: infinite deaths, infinite enter triggers, and a +1/+1 counter on Bartolomé each time. Add any drain (Zulaport Cutthroat, Bastion of Remembrance, Marionette Apprentice, Agent of the Iron Throne, Ninja Teen level 1) to kill the table, or Scavenger's Talent level 2 to mill it out. Dimir House Guard substitutes for Bartolomé as the free outlet. Coven — you must control three creatures with different powers as it re-enters; Bartolomé's counters make that easy after the first iteration, but it is a real gate on the first."
Bartolomé del Presidio + Redemption Choir + Changing Loyalty,Bartolomé del Presidio;Redemption Choir;Changing Loyalty,Infinite death triggers -> drain the whole table to 0,WB,yes,infinite-damage,"Free sac outlet + loop. Sacrifice Redemption Choir to Bartolomé; Changing Loyalty returns it (returns the creature under your control); Redemption Choir's enter trigger returns Changing Loyalty (mv 2) from the graveyard, attached again. Zero mana per iteration, so it repeats forever: infinite deaths, infinite enter triggers, and a +1/+1 counter on Bartolomé each time. Add any drain (Zulaport Cutthroat, Bastion of Remembrance, Marionette Apprentice, Agent of the Iron Throne, Ninja Teen level 1) to kill the table, or Scavenger's Talent level 2 to mill it out. Dimir House Guard substitutes for Bartolomé as the free outlet. Coven — you must control three creatures with different powers as it re-enters; Bartolomé's counters make that easy after the first iteration, but it is a real gate on the first."
Bartolomé del Presidio + Redemption Choir + Kaya's Ghostform,Bartolomé del Presidio;Redemption Choir;Kaya's Ghostform,Infinite death triggers -> drain the whole table to 0,WB,yes,infinite-damage,"Free sac outlet + loop. Sacrifice Redemption Choir to Bartolomé; Kaya's Ghostform returns it (cheapest half of the engine at one mana); Redemption Choir's enter trigger returns Kaya's Ghostform (mv 1) from the graveyard, attached again. Zero mana per iteration, so it repeats forever: infinite deaths, infinite enter triggers, and a +1/+1 counter on Bartolomé each time. Add any drain (Zulaport Cutthroat, Bastion of Remembrance, Marionette Apprentice, Agent of the Iron Throne, Ninja Teen level 1) to kill the table, or Scavenger's Talent level 2 to mill it out. Dimir House Guard substitutes for Bartolomé as the free outlet. Coven — you must control three creatures with different powers as it re-enters; Bartolomé's counters make that easy after the first iteration, but it is a real gate on the first."
Bartolomé del Presidio + Redemption Choir + Necrogen Communion,Bartolomé del Presidio;Redemption Choir;Necrogen Communion,Infinite death triggers -> drain the whole table to 0,WB,yes,infinite-damage,"Free sac outlet + loop. Sacrifice Redemption Choir to Bartolomé; Necrogen Communion returns it (also gives the loop toxic 2, an alternate poison clock); Redemption Choir's enter trigger returns Necrogen Communion (mv 2) from the graveyard, attached again. Zero mana per iteration, so it repeats forever: infinite deaths, infinite enter triggers, and a +1/+1 counter on Bartolomé each time. Add any drain (Zulaport Cutthroat, Bastion of Remembrance, Marionette Apprentice, Agent of the Iron Throne, Ninja Teen level 1) to kill the table, or Scavenger's Talent level 2 to mill it out. Dimir House Guard substitutes for Bartolomé as the free outlet. Coven — you must control three creatures with different powers as it re-enters; Bartolomé's counters make that easy after the first iteration, but it is a real gate on the first."
Bartolomé del Presidio + Redemption Choir + Gift of Immortality,Bartolomé del Presidio;Redemption Choir;Gift of Immortality,Infinite death triggers -> drain the whole table to 0,WB,no,infinite-damage,"Free sac outlet + loop. Sacrifice Redemption Choir to Bartolomé; Gift of Immortality returns it (the creature returns IMMEDIATELY; only the Aura waits for the end step, and the returner brings it back at once — that is what makes this infinite rather than once per turn); Redemption Choir's enter trigger returns Gift of Immortality (mv 3) from the graveyard, attached again. Zero mana per iteration, so it repeats forever: infinite deaths, infinite enter triggers, and a +1/+1 counter on Bartolomé each time. Add any drain (Zulaport Cutthroat, Bastion of Remembrance, Marionette Apprentice, Agent of the Iron Throne, Ninja Teen level 1) to kill the table, or Scavenger's Talent level 2 to mill it out. Dimir House Guard substitutes for Bartolomé as the free outlet. Coven — you must control three creatures with different powers as it re-enters; Bartolomé's counters make that easy after the first iteration, but it is a real gate on the first."
Bartolomé del Presidio + Brotherhood Outcast + Fungal Fortitude,Bartolomé del Presidio;Brotherhood Outcast;Fungal Fortitude,Infinite death triggers -> drain the whole table to 0,WB,yes,infinite-damage,"Free sac outlet + loop. Sacrifice Brotherhood Outcast to Bartolomé; Fungal Fortitude returns it (returns the creature tapped — irrelevant, you only need to sacrifice it); Brotherhood Outcast's enter trigger returns Fungal Fortitude (mv 2) from the graveyard, attached again. Zero mana per iteration, so it repeats forever: infinite deaths, infinite enter triggers, and a +1/+1 counter on Bartolomé each time. Add any drain (Zulaport Cutthroat, Bastion of Remembrance, Marionette Apprentice, Agent of the Iron Throne, Ninja Teen level 1) to kill the table, or Scavenger's Talent level 2 to mill it out. Dimir House Guard substitutes for Bartolomé as the free outlet."
Bartolomé del Presidio + Brotherhood Outcast + Minion's Return,Bartolomé del Presidio;Brotherhood Outcast;Minion's Return,Infinite death triggers -> drain the whole table to 0,WB,yes,infinite-damage,"Free sac outlet + loop. Sacrifice Brotherhood Outcast to Bartolomé; Minion's Return returns it (returns the creature under your control); Brotherhood Outcast's enter trigger returns Minion's Return (mv 3) from the graveyard, attached again. Zero mana per iteration, so it repeats forever: infinite deaths, infinite enter triggers, and a +1/+1 counter on Bartolomé each time. Add any drain (Zulaport Cutthroat, Bastion of Remembrance, Marionette Apprentice, Agent of the Iron Throne, Ninja Teen level 1) to kill the table, or Scavenger's Talent level 2 to mill it out. Dimir House Guard substitutes for Bartolomé as the free outlet."
Bartolomé del Presidio + Brotherhood Outcast + Changing Loyalty,Bartolomé del Presidio;Brotherhood Outcast;Changing Loyalty,Infinite death triggers -> drain the whole table to 0,WB,yes,infinite-damage,"Free sac outlet + loop. Sacrifice Brotherhood Outcast to Bartolomé; Changing Loyalty returns it (returns the creature under your control); Brotherhood Outcast's enter trigger returns Changing Loyalty (mv 2) from the graveyard, attached again. Zero mana per iteration, so it repeats forever: infinite deaths, infinite enter triggers, and a +1/+1 counter on Bartolomé each time. Add any drain (Zulaport Cutthroat, Bastion of Remembrance, Marionette Apprentice, Agent of the Iron Throne, Ninja Teen level 1) to kill the table, or Scavenger's Talent level 2 to mill it out. Dimir House Guard substitutes for Bartolomé as the free outlet."
Bartolomé del Presidio + Brotherhood Outcast + Kaya's Ghostform,Bartolomé del Presidio;Brotherhood Outcast;Kaya's Ghostform,Infinite death triggers -> drain the whole table to 0,WB,yes,infinite-damage,"Free sac outlet + loop. Sacrifice Brotherhood Outcast to Bartolomé; Kaya's Ghostform returns it (cheapest half of the engine at one mana); Brotherhood Outcast's enter trigger returns Kaya's Ghostform (mv 1) from the graveyard, attached again. Zero mana per iteration, so it repeats forever: infinite deaths, infinite enter triggers, and a +1/+1 counter on Bartolomé each time. Add any drain (Zulaport Cutthroat, Bastion of Remembrance, Marionette Apprentice, Agent of the Iron Throne, Ninja Teen level 1) to kill the table, or Scavenger's Talent level 2 to mill it out. Dimir House Guard substitutes for Bartolomé as the free outlet."
Bartolomé del Presidio + Brotherhood Outcast + Necrogen Communion,Bartolomé del Presidio;Brotherhood Outcast;Necrogen Communion,Infinite death triggers -> drain the whole table to 0,WB,yes,infinite-damage,"Free sac outlet + loop. Sacrifice Brotherhood Outcast to Bartolomé; Necrogen Communion returns it (also gives the loop toxic 2, an alternate poison clock); Brotherhood Outcast's enter trigger returns Necrogen Communion (mv 2) from the graveyard, attached again. Zero mana per iteration, so it repeats forever: infinite deaths, infinite enter triggers, and a +1/+1 counter on Bartolomé each time. Add any drain (Zulaport Cutthroat, Bastion of Remembrance, Marionette Apprentice, Agent of the Iron Throne, Ninja Teen level 1) to kill the table, or Scavenger's Talent level 2 to mill it out. Dimir House Guard substitutes for Bartolomé as the free outlet."
Bartolomé del Presidio + Brotherhood Outcast + Gift of Immortality,Bartolomé del Presidio;Brotherhood Outcast;Gift of Immortality,Infinite death triggers -> drain the whole table to 0,WB,yes,infinite-damage,"Free sac outlet + loop. Sacrifice Brotherhood Outcast to Bartolomé; Gift of Immortality returns it (the creature returns IMMEDIATELY; only the Aura waits for the end step, and the returner brings it back at once — that is what makes this infinite rather than once per turn); Brotherhood Outcast's enter trigger returns Gift of Immortality (mv 3) from the graveyard, attached again. Zero mana per iteration, so it repeats forever: infinite deaths, infinite enter triggers, and a +1/+1 counter on Bartolomé each time. Add any drain (Zulaport Cutthroat, Bastion of Remembrance, Marionette Apprentice, Agent of the Iron Throne, Ninja Teen level 1) to kill the table, or Scavenger's Talent level 2 to mill it out. Dimir House Guard substitutes for Bartolomé as the free outlet."
"Bartolomé del Presidio + Danitha, Benalia's Hope + Fungal Fortitude","Bartolomé del Presidio;Danitha, Benalia's Hope;Fungal Fortitude",Infinite death triggers -> drain the whole table to 0,WB,no,infinite-damage,"Free sac outlet + loop. Sacrifice Danitha, Benalia's Hope to Bartolomé; Fungal Fortitude returns it (returns the creature tapped — irrelevant, you only need to sacrifice it); Danitha, Benalia's Hope's enter trigger returns Fungal Fortitude (mv 2) from the graveyard, attached again. Zero mana per iteration, so it repeats forever: infinite deaths, infinite enter triggers, and a +1/+1 counter on Bartolomé each time. Add any drain (Zulaport Cutthroat, Bastion of Remembrance, Marionette Apprentice, Agent of the Iron Throne, Ninja Teen level 1) to kill the table, or Scavenger's Talent level 2 to mill it out. Dimir House Guard substitutes for Bartolomé as the free outlet."
"Bartolomé del Presidio + Danitha, Benalia's Hope + Minion's Return","Bartolomé del Presidio;Danitha, Benalia's Hope;Minion's Return",Infinite death triggers -> drain the whole table to 0,WB,no,infinite-damage,"Free sac outlet + loop. Sacrifice Danitha, Benalia's Hope to Bartolomé; Minion's Return returns it (returns the creature under your control); Danitha, Benalia's Hope's enter trigger returns Minion's Return (mv 3) from the graveyard, attached again. Zero mana per iteration, so it repeats forever: infinite deaths, infinite enter triggers, and a +1/+1 counter on Bartolomé each time. Add any drain (Zulaport Cutthroat, Bastion of Remembrance, Marionette Apprentice, Agent of the Iron Throne, Ninja Teen level 1) to kill the table, or Scavenger's Talent level 2 to mill it out. Dimir House Guard substitutes for Bartolomé as the free outlet."
"Bartolomé del Presidio + Danitha, Benalia's Hope + Changing Loyalty","Bartolomé del Presidio;Danitha, Benalia's Hope;Changing Loyalty",Infinite death triggers -> drain the whole table to 0,WB,no,infinite-damage,"Free sac outlet + loop. Sacrifice Danitha, Benalia's Hope to Bartolomé; Changing Loyalty returns it (returns the creature under your control); Danitha, Benalia's Hope's enter trigger returns Changing Loyalty (mv 2) from the graveyard, attached again. Zero mana per iteration, so it repeats forever: infinite deaths, infinite enter triggers, and a +1/+1 counter on Bartolomé each time. Add any drain (Zulaport Cutthroat, Bastion of Remembrance, Marionette Apprentice, Agent of the Iron Throne, Ninja Teen level 1) to kill the table, or Scavenger's Talent level 2 to mill it out. Dimir House Guard substitutes for Bartolomé as the free outlet."
"Bartolomé del Presidio + Danitha, Benalia's Hope + Kaya's Ghostform","Bartolomé del Presidio;Danitha, Benalia's Hope;Kaya's Ghostform",Infinite death triggers -> drain the whole table to 0,WB,yes,infinite-damage,"Free sac outlet + loop. Sacrifice Danitha, Benalia's Hope to Bartolomé; Kaya's Ghostform returns it (cheapest half of the engine at one mana); Danitha, Benalia's Hope's enter trigger returns Kaya's Ghostform (mv 1) from the graveyard, attached again. Zero mana per iteration, so it repeats forever: infinite deaths, infinite enter triggers, and a +1/+1 counter on Bartolomé each time. Add any drain (Zulaport Cutthroat, Bastion of Remembrance, Marionette Apprentice, Agent of the Iron Throne, Ninja Teen level 1) to kill the table, or Scavenger's Talent level 2 to mill it out. Dimir House Guard substitutes for Bartolomé as the free outlet."
"Bartolomé del Presidio + Danitha, Benalia's Hope + Necrogen Communion","Bartolomé del Presidio;Danitha, Benalia's Hope;Necrogen Communion",Infinite death triggers -> drain the whole table to 0,WB,no,infinite-damage,"Free sac outlet + loop. Sacrifice Danitha, Benalia's Hope to Bartolomé; Necrogen Communion returns it (also gives the loop toxic 2, an alternate poison clock); Danitha, Benalia's Hope's enter trigger returns Necrogen Communion (mv 2) from the graveyard, attached again. Zero mana per iteration, so it repeats forever: infinite deaths, infinite enter triggers, and a +1/+1 counter on Bartolomé each time. Add any drain (Zulaport Cutthroat, Bastion of Remembrance, Marionette Apprentice, Agent of the Iron Throne, Ninja Teen level 1) to kill the table, or Scavenger's Talent level 2 to mill it out. Dimir House Guard substitutes for Bartolomé as the free outlet."
"Bartolomé del Presidio + Danitha, Benalia's Hope + Gift of Immortality","Bartolomé del Presidio;Danitha, Benalia's Hope;Gift of Immortality",Infinite death triggers -> drain the whole table to 0,WB,no,infinite-damage,"Free sac outlet + loop. Sacrifice Danitha, Benalia's Hope to Bartolomé; Gift of Immortality returns it (the creature returns IMMEDIATELY; only the Aura waits for the end step, and the returner brings it back at once — that is what makes this infinite rather than once per turn); Danitha, Benalia's Hope's enter trigger returns Gift of Immortality (mv 3) from the graveyard, attached again. Zero mana per iteration, so it repeats forever: infinite deaths, infinite enter triggers, and a +1/+1 counter on Bartolomé each time. Add any drain (Zulaport Cutthroat, Bastion of Remembrance, Marionette Apprentice, Agent of the Iron Throne, Ninja Teen level 1) to kill the table, or Scavenger's Talent level 2 to mill it out. Dimir House Guard substitutes for Bartolomé as the free outlet."
Bartolomé del Presidio + Boonweaver Giant + Fungal Fortitude,Bartolomé del Presidio;Boonweaver Giant;Fungal Fortitude,Infinite death triggers -> drain the whole table to 0,WB,no,infinite-damage,"Free sac outlet + loop. Sacrifice Boonweaver Giant to Bartolomé; Fungal Fortitude returns it (returns the creature tapped — irrelevant, you only need to sacrifice it); Boonweaver Giant's enter trigger returns Fungal Fortitude (mv 2) from the graveyard, attached again. Zero mana per iteration, so it repeats forever: infinite deaths, infinite enter triggers, and a +1/+1 counter on Bartolomé each time. Add any drain (Zulaport Cutthroat, Bastion of Remembrance, Marionette Apprentice, Agent of the Iron Throne, Ninja Teen level 1) to kill the table, or Scavenger's Talent level 2 to mill it out. Dimir House Guard substitutes for Bartolomé as the free outlet. Boonweaver fetches from the LIBRARY too, so it assembles this by itself — commander + Boonweaver is the whole combo."
Bartolomé del Presidio + Boonweaver Giant + Minion's Return,Bartolomé del Presidio;Boonweaver Giant;Minion's Return,Infinite death triggers -> drain the whole table to 0,WB,no,infinite-damage,"Free sac outlet + loop. Sacrifice Boonweaver Giant to Bartolomé; Minion's Return returns it (returns the creature under your control); Boonweaver Giant's enter trigger returns Minion's Return (mv 3) from the graveyard, attached again. Zero mana per iteration, so it repeats forever: infinite deaths, infinite enter triggers, and a +1/+1 counter on Bartolomé each time. Add any drain (Zulaport Cutthroat, Bastion of Remembrance, Marionette Apprentice, Agent of the Iron Throne, Ninja Teen level 1) to kill the table, or Scavenger's Talent level 2 to mill it out. Dimir House Guard substitutes for Bartolomé as the free outlet. Boonweaver fetches from the LIBRARY too, so it assembles this by itself — commander + Boonweaver is the whole combo."
Bartolomé del Presidio + Boonweaver Giant + Changing Loyalty,Bartolomé del Presidio;Boonweaver Giant;Changing Loyalty,Infinite death triggers -> drain the whole table to 0,WB,no,infinite-damage,"Free sac outlet + loop. Sacrifice Boonweaver Giant to Bartolomé; Changing Loyalty returns it (returns the creature under your control); Boonweaver Giant's enter trigger returns Changing Loyalty (mv 2) from the graveyard, attached again. Zero mana per iteration, so it repeats forever: infinite deaths, infinite enter triggers, and a +1/+1 counter on Bartolomé each time. Add any drain (Zulaport Cutthroat, Bastion of Remembrance, Marionette Apprentice, Agent of the Iron Throne, Ninja Teen level 1) to kill the table, or Scavenger's Talent level 2 to mill it out. Dimir House Guard substitutes for Bartolomé as the free outlet. Boonweaver fetches from the LIBRARY too, so it assembles this by itself — commander + Boonweaver is the whole combo."
Bartolomé del Presidio + Boonweaver Giant + Kaya's Ghostform,Bartolomé del Presidio;Boonweaver Giant;Kaya's Ghostform,Infinite death triggers -> drain the whole table to 0,WB,no,infinite-damage,"Free sac outlet + loop. Sacrifice Boonweaver Giant to Bartolomé; Kaya's Ghostform returns it (cheapest half of the engine at one mana); Boonweaver Giant's enter trigger returns Kaya's Ghostform (mv 1) from the graveyard, attached again. Zero mana per iteration, so it repeats forever: infinite deaths, infinite enter triggers, and a +1/+1 counter on Bartolomé each time. Add any drain (Zulaport Cutthroat, Bastion of Remembrance, Marionette Apprentice, Agent of the Iron Throne, Ninja Teen level 1) to kill the table, or Scavenger's Talent level 2 to mill it out. Dimir House Guard substitutes for Bartolomé as the free outlet. Boonweaver fetches from the LIBRARY too, so it assembles this by itself — commander + Boonweaver is the whole combo."
Bartolomé del Presidio + Boonweaver Giant + Necrogen Communion,Bartolomé del Presidio;Boonweaver Giant;Necrogen Communion,Infinite death triggers -> drain the whole table to 0,WB,no,infinite-damage,"Free sac outlet + loop. Sacrifice Boonweaver Giant to Bartolomé; Necrogen Communion returns it (also gives the loop toxic 2, an alternate poison clock); Boonweaver Giant's enter trigger returns Necrogen Communion (mv 2) from the graveyard, attached again. Zero mana per iteration, so it repeats forever: infinite deaths, infinite enter triggers, and a +1/+1 counter on Bartolomé each time. Add any drain (Zulaport Cutthroat, Bastion of Remembrance, Marionette Apprentice, Agent of the Iron Throne, Ninja Teen level 1) to kill the table, or Scavenger's Talent level 2 to mill it out. Dimir House Guard substitutes for Bartolomé as the free outlet. Boonweaver fetches from the LIBRARY too, so it assembles this by itself — commander + Boonweaver is the whole combo."
Bartolomé del Presidio + Boonweaver Giant + Gift of Immortality,Bartolomé del Presidio;Boonweaver Giant;Gift of Immortality,Infinite death triggers -> drain the whole table to 0,WB,no,infinite-damage,"Free sac outlet + loop. Sacrifice Boonweaver Giant to Bartolomé; Gift of Immortality returns it (the creature returns IMMEDIATELY; only the Aura waits for the end step, and the returner brings it back at once — that is what makes this infinite rather than once per turn); Boonweaver Giant's enter trigger returns Gift of Immortality (mv 3) from the graveyard, attached again. Zero mana per iteration, so it repeats forever: infinite deaths, infinite enter triggers, and a +1/+1 counter on Bartolomé each time. Add any drain (Zulaport Cutthroat, Bastion of Remembrance, Marionette Apprentice, Agent of the Iron Throne, Ninja Teen level 1) to kill the table, or Scavenger's Talent level 2 to mill it out. Dimir House Guard substitutes for Bartolomé as the free outlet. Boonweaver fetches from the LIBRARY too, so it assembles this by itself — commander + Boonweaver is the whole combo."
Bartolomé del Presidio + Boonweaver Giant,Bartolomé del Presidio;Boonweaver Giant,Infinite death triggers -> drain the whole table to 0,WB,no,infinite-damage,"The one-card engine. Boonweaver Giant's enter trigger searches your graveyard, hand AND library for an Aura and attaches it to itself, so it finds Fungal Fortitude / Minion's Return / Changing Loyalty / Kaya's Ghostform / Necrogen Communion / Gift of Immortality unaided. Sacrifice Boonweaver to Bartolomé, the Aura returns it, its enter trigger re-fetches the same Aura out of the graveyard, repeat forever. Seven mana is the only thing wrong with it."
Viscera Seer + Sun Titan + Angelic Renewal,Viscera Seer;Sun Titan;Angelic Renewal,Infinite death triggers -> drain the whole table to 0,WB,no,infinite-damage,"The Bartolomé lattice under a DIFFERENT free outlet — the engine is the pattern, not the commander. {B} 1/1 — 'Sacrifice a creature: Scry 1.' Can even eat itself. Sacrifice Sun Titan; Angelic Renewal returns it; Sun Titan's enter trigger returns Angelic Renewal (mv 2) from the graveyard. Zero mana per iteration. Any death-drain ends it: Blood Artist, Zulaport Cutthroat or Bastion of Remembrance. All five cards are OWNED."
Viscera Seer + Sun Titan + Gift of Immortality,Viscera Seer;Sun Titan;Gift of Immortality,Infinite death triggers -> drain the whole table to 0,WB,no,infinite-damage,"The Bartolomé lattice under a DIFFERENT free outlet — the engine is the pattern, not the commander. {B} 1/1 — 'Sacrifice a creature: Scry 1.' Can even eat itself. Sacrifice Sun Titan; Gift of Immortality returns it; Sun Titan's enter trigger returns Gift of Immortality (mv 3) from the graveyard. Zero mana per iteration. Any death-drain ends it: Blood Artist, Zulaport Cutthroat or Bastion of Remembrance. All five cards are OWNED."
Viscera Seer + Angel of Indemnity + Angelic Renewal,Viscera Seer;Angel of Indemnity;Angelic Renewal,Infinite death triggers -> drain the whole table to 0,WB,no,infinite-damage,"The Bartolomé lattice under a DIFFERENT free outlet — the engine is the pattern, not the commander. {B} 1/1 — 'Sacrifice a creature: Scry 1.' Can even eat itself. Sacrifice Angel of Indemnity; Angelic Renewal returns it; Angel of Indemnity's enter trigger returns Angelic Renewal (mv 2) from the graveyard. Zero mana per iteration. Any death-drain ends it: Blood Artist, Zulaport Cutthroat or Bastion of Remembrance. All five cards are OWNED."
Viscera Seer + Angel of Indemnity + Gift of Immortality,Viscera Seer;Angel of Indemnity;Gift of Immortality,Infinite death triggers -> drain the whole table to 0,WB,no,infinite-damage,"The Bartolomé lattice under a DIFFERENT free outlet — the engine is the pattern, not the commander. {B} 1/1 — 'Sacrifice a creature: Scry 1.' Can even eat itself. Sacrifice Angel of Indemnity; Gift of Immortality returns it; Angel of Indemnity's enter trigger returns Gift of Immortality (mv 3) from the graveyard. Zero mana per iteration. Any death-drain ends it: Blood Artist, Zulaport Cutthroat or Bastion of Remembrance. All five cards are OWNED."
Viscera Seer + Brotherhood Outcast + Gift of Immortality,Viscera Seer;Brotherhood Outcast;Gift of Immortality,Infinite death triggers -> drain the whole table to 0,WB,no,infinite-damage,"The Bartolomé lattice under a DIFFERENT free outlet — the engine is the pattern, not the commander. {B} 1/1 — 'Sacrifice a creature: Scry 1.' Can even eat itself. Sacrifice Brotherhood Outcast; Gift of Immortality returns it; Brotherhood Outcast's enter trigger returns Gift of Immortality (mv 3) from the graveyard. Zero mana per iteration. Any death-drain ends it: Blood Artist, Zulaport Cutthroat or Bastion of Remembrance. All five cards are OWNED."
Woe Strider + Sun Titan + Angelic Renewal,Woe Strider;Sun Titan;Angelic Renewal,Infinite death triggers -> drain the whole table to 0,WB,no,infinite-damage,"The Bartolomé lattice under a DIFFERENT free outlet — the engine is the pattern, not the commander. {2}{B} 3/2 — 'Sacrifice another creature: Scry 1', and it enters with a 0/1 Goat, so it brings its own first fodder. Sacrifice Sun Titan; Angelic Renewal returns it; Sun Titan's enter trigger returns Angelic Renewal (mv 2) from the graveyard. Zero mana per iteration. Any death-drain ends it: Blood Artist, Zulaport Cutthroat or Bastion of Remembrance. All five cards are OWNED."
Woe Strider + Sun Titan + Gift of Immortality,Woe Strider;Sun Titan;Gift of Immortality,Infinite death triggers -> drain the whole table to 0,WB,no,infinite-damage,"The Bartolomé lattice under a DIFFERENT free outlet — the engine is the pattern, not the commander. {2}{B} 3/2 — 'Sacrifice another creature: Scry 1', and it enters with a 0/1 Goat, so it brings its own first fodder. Sacrifice Sun Titan; Gift of Immortality returns it; Sun Titan's enter trigger returns Gift of Immortality (mv 3) from the graveyard. Zero mana per iteration. Any death-drain ends it: Blood Artist, Zulaport Cutthroat or Bastion of Remembrance. All five cards are OWNED."
Woe Strider + Angel of Indemnity + Angelic Renewal,Woe Strider;Angel of Indemnity;Angelic Renewal,Infinite death triggers -> drain the whole table to 0,WB,no,infinite-damage,"The Bartolomé lattice under a DIFFERENT free outlet — the engine is the pattern, not the commander. {2}{B} 3/2 — 'Sacrifice another creature: Scry 1', and it enters with a 0/1 Goat, so it brings its own first fodder. Sacrifice Angel of Indemnity; Angelic Renewal returns it; Angel of Indemnity's enter trigger returns Angelic Renewal (mv 2) from the graveyard. Zero mana per iteration. Any death-drain ends it: Blood Artist, Zulaport Cutthroat or Bastion of Remembrance. All five cards are OWNED."
Woe Strider + Angel of Indemnity + Gift of Immortality,Woe Strider;Angel of Indemnity;Gift of Immortality,Infinite death triggers -> drain the whole table to 0,WB,no,infinite-damage,"The Bartolomé lattice under a DIFFERENT free outlet — the engine is the pattern, not the commander. {2}{B} 3/2 — 'Sacrifice another creature: Scry 1', and it enters with a 0/1 Goat, so it brings its own first fodder. Sacrifice Angel of Indemnity; Gift of Immortality returns it; Angel of Indemnity's enter trigger returns Gift of Immortality (mv 3) from the graveyard. Zero mana per iteration. Any death-drain ends it: Blood Artist, Zulaport Cutthroat or Bastion of Remembrance. All five cards are OWNED."
Woe Strider + Brotherhood Outcast + Gift of Immortality,Woe Strider;Brotherhood Outcast;Gift of Immortality,Infinite death triggers -> drain the whole table to 0,WB,no,infinite-damage,"The Bartolomé lattice under a DIFFERENT free outlet — the engine is the pattern, not the commander. {2}{B} 3/2 — 'Sacrifice another creature: Scry 1', and it enters with a 0/1 Goat, so it brings its own first fodder. Sacrifice Brotherhood Outcast; Gift of Immortality returns it; Brotherhood Outcast's enter trigger returns Gift of Immortality (mv 3) from the graveyard. Zero mana per iteration. Any death-drain ends it: Blood Artist, Zulaport Cutthroat or Bastion of Remembrance. All five cards are OWNED."
"Yahenni, Undying Partisan + Sun Titan + Angelic Renewal","Yahenni, Undying Partisan;Sun Titan;Angelic Renewal",Infinite death triggers -> drain the whole table to 0,WB,no,infinite-damage,"The Bartolomé lattice under a DIFFERENT free outlet — the engine is the pattern, not the commander. {2}{B} 2/2 haste LEGEND — 'Sacrifice another creature: Yahenni gains indestructible.' A free outlet that can sit in the COMMAND ZONE. Sacrifice Sun Titan; Angelic Renewal returns it; Sun Titan's enter trigger returns Angelic Renewal (mv 2) from the graveyard. Zero mana per iteration. Any death-drain ends it: Blood Artist, Zulaport Cutthroat or Bastion of Remembrance. All five cards are OWNED."
"Yahenni, Undying Partisan + Sun Titan + Gift of Immortality","Yahenni, Undying Partisan;Sun Titan;Gift of Immortality",Infinite death triggers -> drain the whole table to 0,WB,no,infinite-damage,"The Bartolomé lattice under a DIFFERENT free outlet — the engine is the pattern, not the commander. {2}{B} 2/2 haste LEGEND — 'Sacrifice another creature: Yahenni gains indestructible.' A free outlet that can sit in the COMMAND ZONE. Sacrifice Sun Titan; Gift of Immortality returns it; Sun Titan's enter trigger returns Gift of Immortality (mv 3) from the graveyard. Zero mana per iteration. Any death-drain ends it: Blood Artist, Zulaport Cutthroat or Bastion of Remembrance. All five cards are OWNED."
"Yahenni, Undying Partisan + Angel of Indemnity + Angelic Renewal","Yahenni, Undying Partisan;Angel of Indemnity;Angelic Renewal",Infinite death triggers -> drain the whole table to 0,WB,no,infinite-damage,"The Bartolomé lattice under a DIFFERENT free outlet — the engine is the pattern, not the commander. {2}{B} 2/2 haste LEGEND — 'Sacrifice another creature: Yahenni gains indestructible.' A free outlet that can sit in the COMMAND ZONE. Sacrifice Angel of Indemnity; Angelic Renewal returns it; Angel of Indemnity's enter trigger returns Angelic Renewal (mv 2) from the graveyard. Zero mana per iteration. Any death-drain ends it: Blood Artist, Zulaport Cutthroat or Bastion of Remembrance. All five cards are OWNED."
"Yahenni, Undying Partisan + Angel of Indemnity + Gift of Immortality","Yahenni, Undying Partisan;Angel of Indemnity;Gift of Immortality",Infinite death triggers -> drain the whole table to 0,WB,no,infinite-damage,"The Bartolomé lattice under a DIFFERENT free outlet — the engine is the pattern, not the commander. {2}{B} 2/2 haste LEGEND — 'Sacrifice another creature: Yahenni gains indestructible.' A free outlet that can sit in the COMMAND ZONE. Sacrifice Angel of Indemnity; Gift of Immortality returns it; Angel of Indemnity's enter trigger returns Gift of Immortality (mv 3) from the graveyard. Zero mana per iteration. Any death-drain ends it: Blood Artist, Zulaport Cutthroat or Bastion of Remembrance. All five cards are OWNED."
"Yahenni, Undying Partisan + Brotherhood Outcast + Gift of Immortality","Yahenni, Undying Partisan;Brotherhood Outcast;Gift of Immortality",Infinite death triggers -> drain the whole table to 0,WB,no,infinite-damage,"The Bartolomé lattice under a DIFFERENT free outlet — the engine is the pattern, not the commander. {2}{B} 2/2 haste LEGEND — 'Sacrifice another creature: Yahenni gains indestructible.' A free outlet that can sit in the COMMAND ZONE. Sacrifice Brotherhood Outcast; Gift of Immortality returns it; Brotherhood Outcast's enter trigger returns Gift of Immortality (mv 3) from the graveyard. Zero mana per iteration. Any death-drain ends it: Blood Artist, Zulaport Cutthroat or Bastion of Remembrance. All five cards are OWNED."
Fanatical Devotion + Sun Titan + Angelic Renewal,Fanatical Devotion;Sun Titan;Angelic Renewal,Infinite death triggers -> drain the whole table to 0,W,no,infinite-damage,"White-only outlet for the lattice. {2}{W} enchantment — 'Sacrifice a creature: Regenerate target creature.' Owned x2. Sacrifice Sun Titan; Angelic Renewal returns it; Sun Titan's enter trigger returns Angelic Renewal (mv 2) from the graveyard. Zero mana per iteration; add any death-drain (Blood Artist, Zulaport Cutthroat, Bastion of Remembrance) to kill. All pieces owned."
Fanatical Devotion + Sun Titan + Gift of Immortality,Fanatical Devotion;Sun Titan;Gift of Immortality,Infinite death triggers -> drain the whole table to 0,W,no,infinite-damage,"White-only outlet for the lattice. {2}{W} enchantment — 'Sacrifice a creature: Regenerate target creature.' Owned x2. Sacrifice Sun Titan; Gift of Immortality returns it; Sun Titan's enter trigger returns Gift of Immortality (mv 3) from the graveyard. Zero mana per iteration; add any death-drain (Blood Artist, Zulaport Cutthroat, Bastion of Remembrance) to kill. All pieces owned."
Fanatical Devotion + Angel of Indemnity + Angelic Renewal,Fanatical Devotion;Angel of Indemnity;Angelic Renewal,Infinite death triggers -> drain the whole table to 0,W,no,infinite-damage,"White-only outlet for the lattice. {2}{W} enchantment — 'Sacrifice a creature: Regenerate target creature.' Owned x2. Sacrifice Angel of Indemnity; Angelic Renewal returns it; Angel of Indemnity's enter trigger returns Angelic Renewal (mv 2) from the graveyard. Zero mana per iteration; add any death-drain (Blood Artist, Zulaport Cutthroat, Bastion of Remembrance) to kill. All pieces owned."
Fanatical Devotion + Angel of Indemnity + Gift of Immortality,Fanatical Devotion;Angel of Indemnity;Gift of Immortality,Infinite death triggers -> drain the whole table to 0,W,no,infinite-damage,"White-only outlet for the lattice. {2}{W} enchantment — 'Sacrifice a creature: Regenerate target creature.' Owned x2. Sacrifice Angel of Indemnity; Gift of Immortality returns it; Angel of Indemnity's enter trigger returns Gift of Immortality (mv 3) from the graveyard. Zero mana per iteration; add any death-drain (Blood Artist, Zulaport Cutthroat, Bastion of Remembrance) to kill. All pieces owned."
Fanatical Devotion + Brotherhood Outcast + Gift of Immortality,Fanatical Devotion;Brotherhood Outcast;Gift of Immortality,Infinite death triggers -> drain the whole table to 0,W,no,infinite-damage,"White-only outlet for the lattice. {2}{W} enchantment — 'Sacrifice a creature: Regenerate target creature.' Owned x2. Sacrifice Brotherhood Outcast; Gift of Immortality returns it; Brotherhood Outcast's enter trigger returns Gift of Immortality (mv 3) from the graveyard. Zero mana per iteration; add any death-drain (Blood Artist, Zulaport Cutthroat, Bastion of Remembrance) to kill. All pieces owned."
Martyr's Cause + Sun Titan + Angelic Renewal,Martyr's Cause;Sun Titan;Angelic Renewal,Infinite death triggers -> drain the whole table to 0,W,no,infinite-damage,"White-only outlet for the lattice. {2}{W} enchantment — 'Sacrifice a creature: The next time a source of your choice would deal damage to any target this turn, prevent that damage.' The loop also blanks one damage source per iteration — infinite Fogs on top of the kill. Sacrifice Sun Titan; Angelic Renewal returns it; Sun Titan's enter trigger returns Angelic Renewal (mv 2) from the graveyard. Zero mana per iteration; add any death-drain (Blood Artist, Zulaport Cutthroat, Bastion of Remembrance) to kill. All pieces owned."
Martyr's Cause + Sun Titan + Gift of Immortality,Martyr's Cause;Sun Titan;Gift of Immortality,Infinite death triggers -> drain the whole table to 0,W,no,infinite-damage,"White-only outlet for the lattice. {2}{W} enchantment — 'Sacrifice a creature: The next time a source of your choice would deal damage to any target this turn, prevent that damage.' The loop also blanks one damage source per iteration — infinite Fogs on top of the kill. Sacrifice Sun Titan; Gift of Immortality returns it; Sun Titan's enter trigger returns Gift of Immortality (mv 3) from the graveyard. Zero mana per iteration; add any death-drain (Blood Artist, Zulaport Cutthroat, Bastion of Remembrance) to kill. All pieces owned."
Martyr's Cause + Angel of Indemnity + Angelic Renewal,Martyr's Cause;Angel of Indemnity;Angelic Renewal,Infinite death triggers -> drain the whole table to 0,W,no,infinite-damage,"White-only outlet for the lattice. {2}{W} enchantment — 'Sacrifice a creature: The next time a source of your choice would deal damage to any target this turn, prevent that damage.' The loop also blanks one damage source per iteration — infinite Fogs on top of the kill. Sacrifice Angel of Indemnity; Angelic Renewal returns it; Angel of Indemnity's enter trigger returns Angelic Renewal (mv 2) from the graveyard. Zero mana per iteration; add any death-drain (Blood Artist, Zulaport Cutthroat, Bastion of Remembrance) to kill. All pieces owned."
Martyr's Cause + Angel of Indemnity + Gift of Immortality,Martyr's Cause;Angel of Indemnity;Gift of Immortality,Infinite death triggers -> drain the whole table to 0,W,no,infinite-damage,"White-only outlet for the lattice. {2}{W} enchantment — 'Sacrifice a creature: The next time a source of your choice would deal damage to any target this turn, prevent that damage.' The loop also blanks one damage source per iteration — infinite Fogs on top of the kill. Sacrifice Angel of Indemnity; Gift of Immortality returns it; Angel of Indemnity's enter trigger returns Gift of Immortality (mv 3) from the graveyard. Zero mana per iteration; add any death-drain (Blood Artist, Zulaport Cutthroat, Bastion of Remembrance) to kill. All pieces owned."
Martyr's Cause + Brotherhood Outcast + Gift of Immortality,Martyr's Cause;Brotherhood Outcast;Gift of Immortality,Infinite death triggers -> drain the whole table to 0,W,no,infinite-damage,"White-only outlet for the lattice. {2}{W} enchantment — 'Sacrifice a creature: The next time a source of your choice would deal damage to any target this turn, prevent that damage.' The loop also blanks one damage source per iteration — infinite Fogs on top of the kill. Sacrifice Brotherhood Outcast; Gift of Immortality returns it; Brotherhood Outcast's enter trigger returns Gift of Immortality (mv 3) from the graveyard. Zero mana per iteration; add any death-drain (Blood Artist, Zulaport Cutthroat, Bastion of Remembrance) to kill. All pieces owned."
Ashnod's Altar + Sun Titan + Angelic Renewal,Ashnod's Altar;Sun Titan;Angelic Renewal,Infinite colorless mana,,no,infinite-mana,"Ashnod's Altar fills TWO lattice slots at once — free sac outlet AND the death->mana payoff ('Sacrifice a creature: Add {C}{C}'). Sacrifice Sun Titan; Angelic Renewal returns it; Sun Titan's enter trigger returns Angelic Renewal (mv 2) from the graveyard. Each pass nets {C}{C}, so this is infinite colorless. INFINITE MANA IS NOT A WIN — name the sink. In yshtola-nights-blessed the sink is already there: Exsanguinate for lethal X. NOT OWNED: Ashnod's Altar is the only missing piece; Sun Titan and Angelic Renewal are both owned."
Ashnod's Altar + Sun Titan + Gift of Immortality,Ashnod's Altar;Sun Titan;Gift of Immortality,Infinite colorless mana,,no,infinite-mana,"Ashnod's Altar fills TWO lattice slots at once — free sac outlet AND the death->mana payoff ('Sacrifice a creature: Add {C}{C}'). Sacrifice Sun Titan; Gift of Immortality returns it; Sun Titan's enter trigger returns Gift of Immortality (mv 3) from the graveyard. Each pass nets {C}{C}, so this is infinite colorless. INFINITE MANA IS NOT A WIN — name the sink. In yshtola-nights-blessed the sink is already there: Exsanguinate for lethal X. NOT OWNED: Ashnod's Altar is the only missing piece; Sun Titan and Gift of Immortality are both owned."
Ashnod's Altar + Angel of Indemnity + Angelic Renewal,Ashnod's Altar;Angel of Indemnity;Angelic Renewal,Infinite colorless mana,,no,infinite-mana,"Ashnod's Altar fills TWO lattice slots at once — free sac outlet AND the death->mana payoff ('Sacrifice a creature: Add {C}{C}'). Sacrifice Angel of Indemnity; Angelic Renewal returns it; Angel of Indemnity's enter trigger returns Angelic Renewal (mv 2) from the graveyard. Each pass nets {C}{C}, so this is infinite colorless. INFINITE MANA IS NOT A WIN — name the sink. In yshtola-nights-blessed the sink is already there: Exsanguinate for lethal X. NOT OWNED: Ashnod's Altar is the only missing piece; Angel of Indemnity and Angelic Renewal are both owned."
Ashnod's Altar + Angel of Indemnity + Gift of Immortality,Ashnod's Altar;Angel of Indemnity;Gift of Immortality,Infinite colorless mana,,no,infinite-mana,"Ashnod's Altar fills TWO lattice slots at once — free sac outlet AND the death->mana payoff ('Sacrifice a creature: Add {C}{C}'). Sacrifice Angel of Indemnity; Gift of Immortality returns it; Angel of Indemnity's enter trigger returns Gift of Immortality (mv 3) from the graveyard. Each pass nets {C}{C}, so this is infinite colorless. INFINITE MANA IS NOT A WIN — name the sink. In yshtola-nights-blessed the sink is already there: Exsanguinate for lethal X. NOT OWNED: Ashnod's Altar is the only missing piece; Angel of Indemnity and Gift of Immortality are both owned."
Ashnod's Altar + Brotherhood Outcast + Gift of Immortality,Ashnod's Altar;Brotherhood Outcast;Gift of Immortality,Infinite colorless mana,,no,infinite-mana,"Ashnod's Altar fills TWO lattice slots at once — free sac outlet AND the death->mana payoff ('Sacrifice a creature: Add {C}{C}'). Sacrifice Brotherhood Outcast; Gift of Immortality returns it; Brotherhood Outcast's enter trigger returns Gift of Immortality (mv 3) from the graveyard. Each pass nets {C}{C}, so this is infinite colorless. INFINITE MANA IS NOT A WIN — name the sink. In yshtola-nights-blessed the sink is already there: Exsanguinate for lethal X. NOT OWNED: Ashnod's Altar is the only missing piece; Brotherhood Outcast and Gift of Immortality are both owned."
Pitiless Plunderer + Viscera Seer + Sun Titan + Angelic Renewal,Pitiless Plunderer;Viscera Seer;Sun Titan;Angelic Renewal,Infinite Treasure tokens,WB,no,infinite-mana,"Rides the existing zero-mana death loop. Pitiless Plunderer ('Whenever another creature you control dies, create a Treasure token') converts each pass into a Treasure, so the loop makes infinite mana of ANY colour on top of infinite deaths. Sink it into Exsanguinate. Plunderer NOT owned; the other three are, and all three are already in yshtola-nights-blessed."
